time,open,high,low,close,PlotCandle (Open),PlotCandle (High,PlotCandle (Low),PlotCandle (Close),Plot
1999-06-01,6093,6148,6068,6125,,6148,6068,6125,
1999-07-01,6125.5,6288.5,6065,6093.5,,6288.5,6065,6093.5,
1999-08-02,6066,6277,5931.5,6195,,6277,5931.5,6195,
1999-09-01,6194.5,6363.5,6144.5,6209,,6363.5,6144.5,6209,
1999-10-01,6206,6441.5,6088,6425,,6441.5,6088,6425,
1999-11-01,6419.5,6934.5,6396,6741.5,,6934.5,6396,6741.5,
1999-12-01,6740.5,7530.5,6731,7480,,7530.5,6731,7480,
2000-01-03,7476,7664,6983,7338.5,,7664,6983,7338.5,
2000-02-01,7332.5,8042,7290,8027,,8042,7290,8027,
2000-03-01,8024,8551.5,7775.5,8125,,8551.5,7775.5,8125,
2000-04-03,8084.5,8084.5,6815.5,7477.5,,8084.5,6815.5,7477.5,6972.2775
2000-05-01,7475,7577.5,6570,6992.5,,7577.5,6570,6992.5,7082.625
2000-06-01,6991.5,7665.5,6991.5,7425,,7665.5,6991.5,7425,7213.715
2000-07-03,7409.5,7742.5,7072.5,7225,,7742.5,7072.5,7225,7333.9325
2000-08-01,7224,7703,6978,7702,,7703,6978,7702,7447.355
2000-09-01,7697.5,7794,7126.5,7167,,7794,7126.5,7167,7493.8625
2000-10-02,7167,7214,6524.5,6844,,7214,6524.5,6844,7440.01
2000-11-01,6845.5,6946,5981,6076,,6946,5981,6076,7327.0575
2000-12-01,6076.5,6541,5707,5870.5,,6541,5707,5870.5,7136.2675
2001-01-01,5871,6293,5626.5,6107,,6293,5626.5,6107,6940.2575
2001-02-01,6104.5,6143.5,5377,5409,,6143.5,5377,5409,6798.385
2001-03-01,5401.5,5532.5,5018,5061.5,,5532.5,5018,5061.5,6586.8675
2001-04-02,5074.5,5470.5,4834.5,5340,,5470.5,4834.5,5340,6356.905
2001-05-01,5335.5,5554,5237.5,5272,,5554,5237.5,5272,6136.76
2001-06-01,5272.5,5472.5,5113,5308,,5472.5,5113,5308,5902.915
2001-07-02,5301,5335,5041.5,5146,,5335,5041.5,5146,5699.315
2001-08-01,5144,5232.5,4890,4925.5,,5232.5,4890,4925.5,5501.4525
2001-09-03,4927,4976,4542,4620,,4976,4542,4620,5374.3675
2001-10-01,4616,4938,4581,4814,,4938,4581,4814,5233.4275
2001-11-01,4809.5,5093,4805.5,5043,,5093,4805.5,5043,5121.6825
2001-12-03,5035,5183,4995.5,5021.5,,5183,4995.5,5021.5,5077.4725
2002-01-01,5015.5,5155,4922,4991.5,,5155,4922,4991.5,5072.065
2002-02-01,4987.5,5003.5,4768.5,4798.5,,5003.5,4768.5,4798.5,5026.8975
2002-03-01,4798,5013,4796,4889.5,,5013,4796,4889.5,4981.5925
2002-04-01,4884,4919.5,4661,4710,,4919.5,4661,4710,4935.3825
2002-05-01,4709.5,4784,4574.5,4639.5,,4784,4574.5,4639.5,4882.055
2002-06-03,4639.5,4649.5,4399,4479,,4649.5,4399,4479,4841.7
2002-07-01,4479.5,4498.5,4298,4386.5,,4498.5,4298,4386.5,4808.4375
2002-08-01,4383.5,4480,4282,4368.5,,4480,4282,4368.5,4750.895
2002-09-02,4367,4405.5,4247,4258,,4405.5,4247,4258,4672.1525
2002-10-01,4256.5,4435.5,4218.5,4412.5,,4435.5,4218.5,4412.5,4590.39
2002-11-01,4412.5,4566,4394.5,4538,,4566,4394.5,4538,4544.835
2002-12-02,4533.5,4578.5,4396.5,4404.5,,4578.5,4396.5,4404.5,4497.2075
2003-01-01,4409.5,4526,4382.5,4402,,4526,4382.5,4402,4456.465
2003-02-03,4401.5,4439.5,4356,4428,,4439.5,4356,4428,4427.9725
2003-03-03,4432,4518.5,4362.5,4436,,4518.5,4362.5,4436,4411.53
2003-04-01,4434,4544.5,4430.5,4523,,4544.5,4430.5,4523,4416.2225
2003-05-01,4522,4617.5,4510,4614,,4617.5,4510,4614,4437.405
2003-06-02,4613.5,4681.5,4595,4616.5,,4681.5,4595,4616.5,4464.5325
2003-07-01,4618,4731.5,4591,4691,,4731.5,4591,4691,4507.49
2003-08-01,4690.5,4758,4616,4754,,4758,4616,4754,4533.9875
2003-09-01,4753,4814.5,4712.5,4715.5,,4814.5,4712.5,4715.5,4564.49
2003-10-01,4715,4854.5,4714,4827.5,,4854.5,4714,4827.5,4604.8975
2003-11-03,4822,4868,4766,4834.5,,4868,4766,4834.5,4646.8725
2003-12-01,4833.5,4885.5,4782,4874.5,,4885.5,4782,4874.5,4691.4775
2004-01-01,4879.5,4969.5,4867,4901.5,,4969.5,4867,4901.5,4739.93
2004-02-02,4900.5,4932,4858.5,4878,,4932,4858.5,4878,4774.7
2004-03-01,4879.5,4902.5,4769.5,4845.5,,4902.5,4769.5,4845.5,4800.28
2004-04-01,4847.5,4915,4803.5,4807,,4915,4803.5,4807,4822.685
2004-05-03,4803.5,4875.5,4776.5,4872,,4875.5,4776.5,4872,4839.0675
2004-06-01,4870,4928,4845.5,4920.5,,4928,4845.5,4920.5,4852.03
2004-07-01,4921,4925,4759.5,4802,,4925,4759.5,4802,4855.9475
2004-08-02,4799.5,4810,4701.5,4769.5,,4810,4701.5,4769.5,4848.925
2004-09-01,4769,4841,4759.5,4812,,4841,4759.5,4812,4846.61
2004-10-01,4811.5,4895,4806.5,4884.5,,4895,4806.5,4884.5,4839.8
2004-11-01,4875.5,4991,4875.5,4967.5,,4991,4875.5,4967.5,4844.275
2004-12-01,4973,5031,4969,5014.5,,5031,4969,5014.5,4862.3825
2005-01-03,5014,5030,4870.5,4910,,5030,4870.5,4910,4868.445
2005-02-01,4908.5,4951,4876.5,4899,,4951,4876.5,4899,4876.0725
2005-03-01,4899.5,4941,4840,4867.5,,4941,4840,4867.5,4878.4125
2005-04-01,4868,4888,4774,4802,,4888,4774,4802,4875.0975
2005-05-02,4802.5,4935,4795.5,4922.5,,4935,4795.5,4922.5,4886.175
2005-06-01,4920.5,4953,4864.5,4868,,4953,4864.5,4868,4899.1075
2005-07-01,4867,4995,4830,4976.5,,4995,4830,4976.5,4910.425
2005-08-01,4981,5000.5,4909.5,4949,,5000.5,4909.5,4949,4918.115
2005-09-01,4950.5,4986,4915,4965.5,,4986,4915,4965.5,4914.16
2005-10-03,4967,4981,4874.5,4938,,4981,4874.5,4938,4907.65
2005-11-01,4929.5,5061.5,4925.5,5026.5,,5061.5,4925.5,5026.5,4919.0275
2005-12-01,5029.5,5070.5,4988.5,4993.5,,5070.5,4988.5,4993.5,4933.2675
2006-01-02,4992.5,5108.5,4980.5,5054,,5108.5,4980.5,5054,4955.4575
2006-02-01,5033,5060,4977,5009,,5060,4977,5009,4974.1775
2006-03-01,5007.5,5054,4968.5,5036.5,,5054,4968.5,5036.5,4985.6675
2006-04-03,5040.75,5082.25,5012.75,5027.5,,5082.25,5012.75,5027.5,4999.28125
2006-05-01,5031,5044.5,4873.75,4899.5,,5044.5,4873.75,4899.5,4997.76
2006-06-01,4899.5,4953.25,4827.25,4890.25,,4953.25,4827.25,4890.25,4989.62125
2006-07-03,4892.25,4902.25,4756.5,4817.5,,4902.25,4756.5,4817.5,4978.25625
2006-08-01,4814.75,4890.25,4780.5,4881.75,,4890.25,4780.5,4881.75,4962.68875
2006-09-01,4882.75,4963.5,4857.75,4951.5,,4963.5,4857.75,4951.5,4949.3725
2006-10-02,4950.75,5037.25,4918.25,5023,,5037.25,4918.25,5023,4943.14375
2006-11-01,5023.5,5106.25,4981.5,5075,,5106.25,4981.5,5075,4947.65375
2006-12-01,5074.5,5107,5021.5,5033.25,,5107,5021.5,5033.25,4952.45625
2007-01-01,5038.75,5126,5005.25,5060.75,,5126,5005.25,5060.75,4955.25625
2007-02-01,5062.75,5115.75,5001.5,5023.75,,5115.75,5001.5,5023.75,4962.19375
2007-03-01,5022.75,5068.75,4963,5028.5,,5068.75,4963,5028.5,4976.26
2007-04-02,5029.5,5146.75,5016,5117,,5146.75,5016,5117,5000.8225
2007-05-01,5114.25,5173.5,5105.75,5170,,5173.5,5105.75,5170,5037.69375
2007-06-01,5171.25,5187.75,5111.75,5168.75,,5187.75,5111.75,5168.75,5066.65125
2007-07-02,5167.75,5290.5,5155,5158.5,,5290.5,5155,5158.5,5094.6425
2007-08-01,5164.25,5219.5,5026.5,5207.5,,5219.5,5026.5,5207.5,5109.39875
2007-09-03,5207.5,5313.25,5159.75,5303.25,,5313.25,5159.75,5303.25,5124.65375
2007-10-01,5305.5,5442.25,5297.75,5441.75,,5442.25,5297.75,5441.75,5159.8575
2007-11-01,5441.75,5445.5,5171.5,5284.25,,5445.5,5171.5,5284.25,5182.3625
2007-12-03,5282,5340.5,5189.25,5273,,5340.5,5189.25,5273,5207.73
2008-01-01,5279.5,5285.25,4866.5,5016,,5285.25,4866.5,5016,5208.9325
2008-02-01,5004,5047.25,4881.25,4916.5,,5047.25,4881.25,4916.5,5192.07375
2008-03-03,4916.25,5001.75,4836.25,4952.75,,5001.75,4836.25,4952.75,5169.04875
2008-04-01,4947.75,5122.75,4939.5,5085.5,,5122.75,4939.5,5085.5,5151.9725
2008-05-01,5084.5,5216.5,5083.75,5197.5,,5216.5,5083.75,5197.5,5147.32375
2008-06-02,5199.25,5225,4988.5,4998.5,,5225,4988.5,4998.5,5140.96875
2008-07-01,5002.25,5039.75,4917.75,5006.25,,5039.75,4917.75,5006.25,5102.8175
2008-08-01,5006.75,5129.75,4954.25,5027.5,,5129.75,4954.25,5027.5,5072.33625
2008-09-01,5027.75,5068,4640.75,4741,,5068,4640.75,4741,5030.64125
2008-10-01,4746.5,4747,4283.5,4483.5,,4747,4283.5,4483.5,4950.7625
2008-11-03,4486.75,4535.75,4164.5,4332.75,,4535.75,4164.5,4332.75,4891.4825
2008-12-01,4332.5,4399.25,4236.25,4357.75,,4399.25,4236.25,4357.75,4827.64625
2009-01-01,4356.25,4432.25,4277.25,4324.5,,4432.25,4277.25,4324.5,4762.81375
2009-02-02,4326.25,4431.25,4252.5,4262.25,,4431.25,4252.5,4262.25,4688.7575
2009-03-02,4259.5,4428.5,4185.5,4384.25,,4428.5,4185.5,4384.25,4596.32875
2009-04-01,4374.75,4564,4356.75,4540.25,,4564,4356.75,4540.25,4538.77875
2009-05-01,4535.5,4589.5,4483.25,4582.25,,4589.5,4483.25,4582.25,4491.80625
2009-06-01,4580.75,4664.5,4560,4624.25,,4664.5,4560,4624.25,4448.20125
2009-07-01,4624.5,4780,4540.5,4750,,4780,4540.5,4750,4444.6775
2009-08-03,4749.25,4816.5,4709.25,4773,,4816.5,4709.25,4773,4480.44625
2009-09-01,4773,4903,4732.5,4867.25,,4903,4732.5,4867.25,4535.935
2009-10-01,4865.75,4929,4799.5,4815.25,,4929,4799.5,4815.25,4592.1275
2009-11-02,4810.75,4963.5,4800,4917.25,,4963.5,4800,4917.25,4647.7675
2009-12-01,4916.25,5033.75,4908.5,5010.5,,5033.75,4908.5,5010.5,4723.21625
2010-01-04,5017.25,5051.75,4883.5,4891,,5051.75,4883.5,4891,4778.38
2010-02-01,4891.75,4984.75,4862.5,4970.25,,4984.75,4862.5,4970.25,4817.6775
2010-03-01,4973,5128.5,4973,5110,,5128.5,4973,5110,4874.36
2010-04-01,5110,5213,5095,5152.75,,5213,5095,5152.75,4936.025
2010-05-03,5156.5,5192.25,4884.5,5006.25,,5192.25,4884.5,5006.25,4966.13
2010-06-01,5006.25,5096.5,4888.5,4893.5,,5096.5,4888.5,4893.5,4990.3175
2010-07-01,4891.75,5056.25,4853.5,5017.75,,5056.25,4853.5,5017.75,5002.62125
2010-08-02,5024.25,5073.5,4899.5,4922,,5073.5,4899.5,4922,5014.51
2010-09-01,4928.75,5190,4926,5153.5,,5190,4926,5153.5,5030.97
2010-10-01,5153.75,5294.75,5119,5280,,5294.75,5119,5280,5052.96875
2010-11-01,5283,5356,5241.5,5275,,5356,5241.5,5275,5091.51
2010-12-01,5273,5398.25,5268.75,5375.25,,5398.25,5268.75,5375.25,5129.3325
2011-01-03,5379.25,5505.75,5378.5,5439.25,,5505.75,5378.5,5439.25,5161.14125
2011-02-01,5443.25,5562.25,5439.5,5510,,5562.25,5439.5,5510,5196.35
2011-03-01,5510.25,5538,5347.5,5498,,5538,5347.5,5498,5248.80875
2011-04-01,5500.75,5577.5,5412,5562.5,,5577.5,5412,5562.5,5301.22125
2011-05-02,5569.75,5589.75,5442.75,5533.5,,5589.75,5442.75,5533.5,5354.1625
2011-06-01,5537.25,5542.5,5339.25,5486.25,,5542.5,5339.25,5486.25,5400.5775
2011-07-01,5484,5600.75,5479.75,5524.5,,5600.75,5479.75,5524.5,5438.98875
2011-08-01,5551.25,5560.25,5137.5,5406,,5560.25,5137.5,5406,5444.60125
2011-09-01,5408.75,5502.5,5273.5,5304.5,,5502.5,5273.5,5304.5,5451.635
2011-10-03,5296.5,5578.75,5205.75,5526,,5578.75,5205.75,5526,5456.8925
2011-11-01,5523.25,5569.5,5305.75,5465,,5569.5,5305.75,5465,5454.11625
2011-12-01,5463.25,5514.75,5377.75,5448,,5514.75,5377.75,5448,5450.85125
2012-01-03,5486,5652,5476,5637.75,,5652,5476,5637.75,5461.56
2012-02-01,5628.5,5818.75,5627,5796.5,,5818.75,5627,5796.5,5481.805
2012-03-01,5797.25,5968.25,5748.5,5928.75,,5968.25,5748.5,5928.75,5527.20125
2012-04-02,5936,5969.5,5802.75,5897.25,,5969.5,5802.75,5897.25,5571.68875
2012-05-01,5897.5,5931,5643,5702,,5931,5643,5702,5606.21125
2012-06-01,5698,5811.5,5611.75,5793,,5811.5,5611.75,5793,5646.80875
2012-07-02,5795.25,5841.25,5699.75,5819.75,,5841.25,5699.75,5819.75,5686.7625
2012-08-01,5818,5985.75,5783.25,5954.25,,5985.75,5783.25,5954.25,5733.5225
2012-09-04,5956.25,6060.75,5926,5981,,6060.75,5926,5981,5787.7925
2012-10-01,5978,6029.75,5793.5,5829.5,,6029.75,5793.5,5829.5,5836.53625
2012-11-01,5823.25,5883,5681,5869.5,,5883,5681,5869.5,5849.06625
2012-12-03,5865,5907.25,5773.5,5852.75,,5907.25,5773.5,5852.75,5852.17625
2013-01-02,5879.75,5962.25,5879.75,5926.25,,5962.25,5879.75,5926.25,5853.07875
2013-02-01,5926.5,5980,5882.5,5932.25,,5980,5882.5,5932.25,5862.07875
2013-03-01,5931.5,6021.25,5905.25,6011.75,,6021.25,5905.25,6011.75,5890.47125
2013-04-01,6009.5,6082.75,5922.5,6082.75,,6082.75,5922.5,6082.75,5918.02875
2013-05-01,6082.5,6252,6060.75,6174.75,,6252,6060.75,6174.75,5956.8425
2013-06-03,6179.5,6205.5,6020.5,6101.75,,6205.5,6020.5,6101.75,5974.05125
2013-07-01,6105.5,6307.75,6097,6294.75,,6307.75,6097,6294.75,6000.6525
2013-08-01,6291.5,6350.75,6255.25,6282,,6350.75,6255.25,6282,6050.95375
2013-09-03,6291.5,6451.5,6278.75,6430.25,,6451.5,6278.75,6430.25,6108.43125
2013-10-01,6431.25,6611.75,6320.75,6587.75,,6611.75,6320.75,6587.75,6179.0075
2013-11-01,6587.25,6706.5,6520,6697.5,,6706.5,6520,6697.5,6245.7375
2013-12-02,6703,6809,6629.5,6807.5,,6809,6629.5,6807.5,6325.805
2014-01-02,6790,6849.5,6668.5,6729.5,,6849.5,6668.5,6729.5,6406.21875
2014-02-03,6728.25,6936.75,6626.25,6914.25,,6936.75,6626.25,6914.25,6476.53625
2014-03-03,6892.25,6954.75,6756,6803.5,,6954.75,6756,6803.5,6549.0125
2014-04-01,6804,6889.75,6625.5,6798.25,,6889.75,6625.5,6798.25,6614.43125
2014-05-01,6797.75,6961.25,6718.25,6949.5,,6961.25,6718.25,6949.5,6671.74875
2014-06-02,6955.75,7078.5,6928,7074,,7078.5,6928,7074,6745.13
2014-07-01,7074.25,7218.5,7058.75,7117.5,,7218.5,7058.75,7117.5,6825.26625
2014-08-01,7117.75,7313.25,7053.75,7306,,7313.25,7053.75,7306,6892.75125
2014-09-02,7306,7353.25,7232.5,7270,,7353.25,7232.5,7270,6959.78625
2014-10-01,7270.75,7398,6918.5,7376.75,,7398,6918.5,7376.75,7009.46
2014-11-03,7384.75,7582.5,7354.25,7572.25,,7582.5,7354.25,7572.25,7075.57125
2014-12-01,7565.25,7570,7318.5,7475.75,,7570,7318.5,7475.75,7141.12375
2015-01-02,7478,7524,7279.25,7380.75,,7524,7279.25,7380.75,7203.0075
2015-02-02,7381.25,7702.5,7323.25,7684,,7702.5,7323.25,7684,7278.36875
2015-03-02,7684.75,7721,7513.75,7566,,7721,7513.75,7566,7355.26625
2015-04-01,7565.5,7799.25,7502.75,7658.25,,7799.25,7502.75,7658.25,7418.6375
2015-05-01,7657.75,7794.75,7576.25,7756.5,,7794.75,7576.25,7756.5,7475.94375
2015-06-01,7757.75,7804.75,7617.75,7639.25,,7804.75,7617.75,7639.25,7524.3725
2015-07-01,7642.25,7935.5,7581.25,7832.75,,7935.5,7581.25,7832.75,7585.1875
2015-08-03,7832.75,7878.5,7157.75,7515,,7878.5,7157.75,7515,7623.80875
2015-09-01,7515.5,7700.5,7299.5,7412.75,,7700.5,7299.5,7412.75,7625.2
2015-10-01,7412.75,7949,7370.25,7903.75,,7949,7370.25,7903.75,7653.0925
2015-11-02,7903.25,7988.5,7713.75,7938.5,,7988.5,7713.75,7938.5,7696.24375
2015-12-01,7937.5,7998.25,7736,7856.25,,7998.25,7736,7856.25,7722.61625
2016-01-01,7856.25,7870.5,7247.25,7533.5,,7870.5,7247.25,7533.5,7713.255
2016-02-01,7527,7573,7126.25,7463.25,,7573,7126.25,7463.25,7683.73375
2016-03-01,7463,7783,7444,7747.75,,7783,7444,7747.75,7672.9625
2016-04-01,7750.5,7857.25,7569.5,7608.5,,7857.25,7569.5,7608.5,7678.0075
2016-05-02,7609.75,7801,7543.75,7796.25,,7801,7543.75,7796.25,7659.51625
2016-06-01,7794.75,7818.25,7448.5,7681.25,,7818.25,7448.5,7681.25,7676.33375
2016-07-01,7677.75,8017.25,7646.5,8010.75,,8017.25,7646.5,8010.75,7709.77875
2016-08-01,8018.25,8117.5,7962.5,8052.5,,8117.5,7962.5,8052.5,7735.6725
2016-09-01,8054.75,8175.25,7909.75,8146.25,,8175.25,7909.75,8146.25,7754.94875
2016-10-03,8150.25,8202.5,8037.5,8086.75,,8202.5,8037.5,8086.75,7796.34
2016-11-01,8085.75,8180.75,7841.5,8101.25,,8180.75,7841.5,8101.25,7868.42875
2016-12-01,8102,8279,7984.5,8146.75,,8279,7984.5,8146.75,7933.96125
2017-01-03,8161.25,8453,8161.25,8416.25,,8453,8161.25,8416.25,7993.6425
2017-02-01,8416.5,8645.75,8404,8621,,8645.75,8404,8621,8075.995
2017-03-01,8619,8733.75,8596,8716.75,,8733.75,8596,8716.75,8185.6625
2017-04-03,8717.75,8880,8628.5,8862,,8880,8628.5,8862,8283.855
2017-05-01,8862,9100.25,8831.5,9085.75,,9100.25,8831.5,9085.75,8391.9425
2017-06-01,9085.75,9179.75,8874.25,8930.75,,9179.75,8874.25,8930.75,8499.795
2017-07-03,8931.25,9269,8833.5,9158,,9269,8833.5,9158,8596.14
2017-08-01,9157.75,9271.25,9025.5,9268.75,,9271.25,9025.5,9268.75,8719.94625
2017-09-01,9267.25,9293,9108.25,9246.25,,9293,9108.25,9246.25,8831.25125
2017-10-02,9250.25,9525,9224.75,9517.5,,9525,9224.75,9517.5,8953.43
2017-11-01,9516,9695.75,9458.75,9622,,9695.75,9458.75,9622,9074.44125
2017-12-01,9620,9795.25,9498,9634.5,,9795.25,9498,9634.5,9176.46
2018-01-02,9654.5,10296.75,9647.25,10178,,10296.75,9647.25,10178,9319.9725
2018-02-01,10222.5,10258.5,9413.5,10129,,10258.5,9413.5,10129,9424.8525
2018-03-01,10129,10438.5,9645,9794.5,,10438.5,9645,9794.5,9535.12
2018-04-02,9781,10091,9530.75,9827.25,,10091,9530.75,9827.25,9625.555
2018-05-01,9830,10247.5,9762,10207,,10247.5,9762,10207,9728.17125
2018-06-01,10206.5,10557.25,10154.75,10266.5,,10557.25,10154.75,10266.5,9854.9
2018-07-02,10267,10728.75,10186.25,10491.25,,10728.75,10186.25,10491.25,9986.27
2018-08-01,10491.75,10895.75,10413,10872.75,,10895.75,10413,10872.75,10123.6425
2018-09-04,10868.75,10892.5,10591.75,10838.75,,10892.5,10591.75,10838.75,10230.22875
2018-10-01,10842.5,10899.25,9751,10129.5,,10899.25,9751,10129.5,10292.925
2018-11-01,10130.5,10401.5,9620,10136.75,,10401.5,9620,10136.75,10294.99875
2018-12-03,10211.5,10309.5,8967.25,9499,,10309.5,8967.25,9499,10245.76125
2019-01-02,9496.25,10089.75,9283.25,10079.25,,10089.75,9283.25,10079.25,10236.2775
2019-02-01,10057.75,10315.25,9987.75,10257,,10315.25,9987.75,10257,10254.645
2019-03-01,10253.25,10664.25,10085.75,10532.25,,10664.25,10085.75,10532.25,10269.98
2019-04-01,10549.5,10999,10548,10971,,10999,10548,10971,10311.98125
2019-05-01,10968.25,10992,10248.75,10257,,10992,10248.75,10257,10313.96125
2019-06-03,10229.5,10911.5,10060.75,10813.75,,10911.5,10060.75,10813.75,10307.55625
2019-07-01,10872,11142.25,10833.5,10930.5,,11142.25,10833.5,10930.5,10344.5325
2019-08-01,10924.5,11105,10315,10766,,11105,10315,10766,10401.7125
2019-09-03,10718.75,11073.25,10671.25,10852.5,,11073.25,10671.25,10852.5,10498.9075
2019-10-01,10851.25,11208.25,10541.5,11159.5,,11208.25,10541.5,11159.5,10655.6825
2019-11-01,11161.5,11526,11151.75,11489.75,,11526,11151.75,11489.75,10791.4675
2019-12-02,11491.75,11881.25,11235.5,11809.75,,11881.25,11235.5,11809.75,10928.72375
2020-01-01,11814.5,12325,11715.75,12051,,12325,11715.75,12051,11081.76375
2020-02-03,12020.5,12800.75,11164,11585.75,,12800.75,11164,11585.75,11225.7025
2020-03-02,11387,12040.25,9683.25,10836.25,,12040.25,9683.25,10836.25,11264.73375
2020-04-01,10827,12199.25,10430.5,11924.25,,12199.25,10430.5,11924.25,11327.76
2020-05-01,11901.5,12658.5,11610.75,12641.25,,12658.5,11610.75,12641.25,11464.50375
2020-06-01,12567.5,13361.75,12436.25,13204.75,,13361.75,12436.25,13204.75,11702.12125
2020-07-01,13206.5,14124,13141.5,13979.75,,14124,13141.5,13979.75,12017.1525
2020-08-03,13998.75,15230.5,13911,15171.5,,15230.5,13911,15171.5,12364.9675
2020-09-01,15175.25,15530.75,13736.5,14437.25,,15530.75,13736.5,14437.25,12677.38875
2020-10-01,14455,15329,14024.5,14169,,15329,14024.5,14169,12984.615
2020-11-02,14114.5,15488.75,14022.25,15399.25,,15488.75,14022.25,15399.25,13248.90875
2020-12-01,15416,15992,15298.25,15956.75,,15992,15298.25,15956.75,13708.94125
2021-01-04,15962.75,16673.5,15565,15944.25,,16673.5,15565,15944.25,14210.38125
2021-02-01,15922.75,16974.25,15736,15979.5,,16974.25,15736,15979.5,14650.16875
2021-03-01,16031.25,16402,15281,16174.75,,16402,15281,16174.75,15039.1825
2021-04-01,16180.25,17149.75,16176,16951,,17149.75,16176,16951,15412.18
2021-05-03,16966,17033.25,16000.75,16772.25,,17033.25,16000.75,16772.25,15673.8825
2021-06-01,16784.75,17691.5,16548,17648.5,,17691.5,16548,17648.5,15949.07375
2021-07-01,17651.5,18227,17538,18059.5,,18227,17538,18059.5,16317.0125
2021-08-02,18065.75,18770.25,17803.5,18692.5,,18770.25,17803.5,18692.5,16706.39375
2021-09-01,18692.5,18801.75,17771,17793,,18801.75,17771,17793,17029.59875
2021-10-01,17803,18965.5,17468.5,18964.75,,18965.5,17468.5,18964.75,17276.3925
2021-11-01,18986,19868.25,18869.25,19339,,19868.25,18869.25,19339,17576.58625
2021-12-01,19339.5,19761.25,18593.75,19433.25,,19761.25,18593.75,19433.25,17922.42125
2022-01-03,19457.75,19665.75,16807.75,17969.75,,19665.75,16807.75,17969.75,18103.72
2022-02-01,17970.5,18361.75,16127.5,17319.75,,18361.75,16127.5,17319.75,18177.02625
2022-03-01,17321,18373.75,16047.5,18022.25,,18373.75,16047.5,18022.25,18233.67125
2022-04-01,18023.75,18303,15906.5,15995.5,,18303,15906.5,15995.5,18175.88375
2022-05-02,15997.25,16660.25,14596.25,15758.25,,16660.25,14596.25,15758.25,17903.92
2022-06-01,15767.5,16050.25,14144.5,14587.25,,16050.25,14144.5,14587.25,17542.55875
2022-07-01,14583.5,16088,14457.75,16053,,16088,14457.75,16053,17262.00125
2022-08-01,16057,16816.75,15323.5,15381.5,,16816.75,15323.5,15381.5,16960.3075
2022-09-01,15360.75,15979.75,14017,14051,,15979.75,14017,14051,16499.53625
2022-10-03,14022.75,14726.75,13477.5,14445.5,,14726.75,13477.5,14445.5,15984.565
2022-11-01,14447.75,15111.5,13628.75,15069.75,,15111.5,13628.75,15069.75,15639.93875
2022-12-01,15072,15215,13634.75,13917.75,,15215,13634.75,13917.75,15367.025
2023-01-03,13998.5,15184.5,13627,14995.25,,15184.5,13627,14995.25,15039.795
2023-02-01,14992,15825.75,14799,14917.25,,15825.75,14799,14917.25,14944.13875
2023-03-01,14917.25,16065.25,14550.25,16061.75,,16065.25,14550.25,16061.75,14945.485
2023-04-03,16015.75,16102.5,15553.75,16079.5,,16102.5,15553.75,16079.5,15052.43
2023-05-01,16070.75,17323.75,15755.5,17042.5,,17323.75,15755.5,17042.5,15101.89125
2023-06-01,17043.25,18045.75,17002,17886.75,,18045.75,17002,17886.75,15292.9675
2023-07-03,17901.25,18633,17633.5,18439.25,,18633,17633.5,18439.25,15663.4975
2023-08-01,18439.5,18459.5,17179.5,18106.75,,18459.5,17179.5,18106.75,16071.32375
2023-09-01,18104.25,18231.5,16957.5,17263,,18231.5,16957.5,17263,16362.9225
2023-10-02,17336.5,17840.25,16511.75,16823.5,,17840.25,16511.75,16823.5,16710.42375
2023-11-01,16831.5,18580,16782.25,18328.5,,18580,16782.25,18328.5,17017.07
2023-12-01,18326.5,19324.5,18092.75,19163,,19324.5,18092.75,19163,17394.60875
2024-01-02,19178.25,19952.75,18493.5,19424.5,,19952.75,18493.5,19424.5,17762.83875
2024-02-01,19432.5,20304,19422,20230,,20304,19422,20230,18167.51125
2024-03-01,20234.25,20623.25,19920.5,20379.25,,20623.25,19920.5,20379.25,18506.34375
2024-04-01,20417.25,20526.25,19027.5,19422.75,,20526.25,19027.5,19422.75,18730.83
2024-05-01,19376.75,20937.5,19300.5,20485,,20937.5,19300.5,20485,18977.56875
2024-06-03,20504.5,22024.5,20350,21620,,22024.5,20350,21620,19319.0575
2024-07-01,21623.5,22637.25,20378.5,21235.25,,22637.25,20378.5,21235.25,19780.58
2024-08-01,21246.75,21678.75,19004.5,21248,,21678.75,19004.5,21248,20163.63875
2024-09-03,21252.5,21960.75,19993.25,21656,,21960.75,19993.25,21656,20435.48375
2024-10-01,21657,22211.25,21240.75,21465.75,,22211.25,21240.75,21465.75,20751.31125
2024-11-01,21493.75,22763.5,21435.75,22414,,22763.5,21435.75,22414,20997.11125
2024-12-02,22418,23575.25,22133.25,22361,,23575.25,22133.25,22361,21286.08375
2025-01-02,22395.75,23220.25,21820.75,22697.75,,23220.25,21820.75,22697.75,21532.44
2025-02-03,22326.75,23446.5,21587.25,22035.75,,23446.5,21587.25,22035.75,21824.07875
2025-03-03,22132,22247.75,19897.5,20333.75,,22247.75,19897.5,20333.75,21845.43625
2025-04-01,20332,20965,17380.75,20769.25,,20965,17380.75,20769.25,21612.8525
2025-05-01,20754.75,22779.5,20599.5,22289.75,,22779.5,20599.5,22289.75,21720.04375
2025-06-02,22224.5,23641,22083.75,23573,,23641,22083.75,23573,21905.21
2025-07-01,23573.75,24551.25,23288.25,24035.75,,24551.25,23288.25,24035.75,22167.56875
2025-08-01,24014.75,24774.75,23481.25,24160.75,,24774.75,23481.25,24160.75,22407.82125
2025-09-02,24185.25,25492,23731.5,25303,,25492,23731.5,25303,22655.45
2025-10-01,25307.75,26863.75,24623.25,26447.75,,26863.75,24623.25,26447.75,23006.89625
2025-11-03,26493,26730.75,24369.25,25949.25,,26730.75,24369.25,25949.25,23278.54125
2025-12-01,25947.25,26335.5,25105.25,25652.25,,26335.5,25105.25,25652.25,23718.42
2026-01-02,25696,26566.5,25242.5,25856.75,,26566.5,25242.5,25856.75,24299.98125
2026-02-02,25747.5,26245.25,24457.25,25170.25,,26245.25,24457.25,25170.25,24765.59
2026-03-02,24900,25467.5,22961.5,23905.5,,25467.5,22961.5,23905.5,25003.15625
2026-04-01,23889,27057.25,23666,27052.5,,27057.25,23666,27052.5,25193.13375